249	249	250	250	249	12	249	249	249	249	246	249	250	250	249	12	249	249	250	250	249	249	249	250	250	249	249	249	250	250	249	12	249	249	250	250	249	12	249	249	249	249	246	249	250	250	249	12	249	249	250	250	249	249	249	250	250	249	249	249	250	250	249	12	249	249	250	250	249	12	249	249	249	249	246	249	250	250	249	12
246	249	250	250	249	249	249	249	249	249	249	249	250	250	249	249	246	249	250	250	249	249	249	250	250	249	249	249	250	250	249	249	246	249	250	250	249	249	249	249	249	249	249	249	250	250	249	249	246	249	250	250	249	249	249	250	250	249	249	249	250	250	249	249	246	249	250	250	249	249	249	249	249	249	249	249	250	250	249	249
249	249	250	250	249	249	12	249	249	246	249	249	250	250	249	12	249	249	250	250	249	249	249	250	250	249	249	249	250	250	249	12	249	249	250	250	249	249	12	249	249	246	249	249	250	250	249	12	249	249	250	250	249	249	249	250	250	249	249	249	250	250	249	12	249	249	250	250	249	249	12	249	249	246	249	249	250	250	249	12
246	249	250	250	249	249	249	249	249	249	249	249	250	250	249	249	246	249	250	250	249	249	249	250	250	249	249	249	250	250	249	249	246	249	250	250	249	249	249	249	249	249	249	249	250	250	249	249	246	249	250	250	249	249	249	250	250	249	249	249	250	250	249	249	246	249	250	250	249	249	249	249	249	249	249	249	250	250	249	249
249	249	250	250	249	249	249	249	249	249	249	249	250	250	249	12	249	249	250	250	249	249	249	250	250	249	249	249	250	250	249	12	249	249	250	250	249	249	249	249	249	249	249	249	250	250	249	12	249	249	250	250	249	249	249	250	250	249	249	249	250	250	249	12	249	249	250	250	249	249	249	249	249	249	249	249	250	250	249	12
246	249	250	250	249	249	249	249	249	249	249	249	250	250	249	249	246	249	250	250	249	249	249	250	250	249	249	249	250	250	249	249	246	249	250	250	249	249	249	249	249	249	249	249	250	250	249	249	246	249	250	250	249	249	249	250	250	249	249	249	250	250	249	249	246	249	250	250	249	249	249	249	249	249	249	249	250	250	249	249
249	249	250	250	249	249	249	249	249	249	249	249	250	250	249	12	249	249	250	250	249	249	249	250	250	249	249	249	250	250	249	12	249	249	250	250	249	249	249	249	249	249	249	249	250	250	249	12	249	249	250	250	249	249	249	250	250	249	249	249	250	250	249	12	249	249	250	250	249	249	249	249	249	249	249	249	250	250	249	12
246	249	250	250	249	249	249	249	249	249	249	249	250	250	249	249	246	249	250	250	249	249	249	250	250	249	249	249	250	250	249	249	246	249	250	250	249	249	249	249	249	249	249	249	250	250	249	249	246	249	250	250	249	249	249	250	250	249	249	249	250	250	249	249	246	249	250	250	249	249	249	249	249	249	249	249	250	250	249	249
249	249	250	250	249	249	249	249	249	249	249	249	250	250	249	12	249	249	250	250	249	249	249	250	250	249	249	249	250	250	249	12	249	249	250	250	249	249	249	249	249	249	249	249	250	250	249	12	249	249	250	250	249	249	249	250	250	249	249	249	250	250	249	12	249	249	250	250	249	249	249	249	249	249	249	249	250	250	249	12
246	249	250	250	249	249	12	249	249	246	249	249	250	250	249	249	246	249	250	250	249	249	249	250	250	249	249	249	250	250	249	249	246	249	250	250	249	249	12	249	249	246	249	249	250	250	249	249	246	249	250	250	249	249	249	250	250	249	249	249	250	250	249	249	246	249	250	250	249	249	12	249	249	246	249	249	250	250	249	249
249	249	250	250	249	249	249	249	249	249	249	249	250	250	249	12	249	249	250	250	249	249	249	250	250	249	249	249	250	250	249	12	249	249	250	250	249	249	249	249	249	249	249	249	250	250	249	12	249	249	250	250	249	249	249	250	250	249	249	249	250	250	249	12	249	249	250	250	249	249	249	249	249	249	249	249	250	250	249	12
246	249	250	250	249	12	249	249	249	249	246	249	250	250	249	249	246	249	250	250	249	249	249	250	250	249	249	249	250	250	249	249	246	249	250	250	249	12	249	249	249	249	246	249	250	250	249	249	246	249	250	250	249	249	249	250	250	249	249	249	250	250	249	249	246	249	250	250	249	12	249	249	249	249	246	249	250	250	249	249
249	249	250	250	249	249	249	249	249	249	249	249	250	250	249	12	249	249	250	250	249	249	249	250	250	249	249	249	250	250	249	12	249	249	250	250	249	249	249	249	249	249	249	249	250	250	249	12	249	249	250	250	249	249	249	250	250	249	249	249	250	250	249	12	249	249	250	250	249	249	249	249	249	249	249	249	250	250	249	12
246	249	250	250	249	249	12	249	249	246	249	249	250	250	249	249	246	249	250	250	249	249	249	250	250	249	249	249	250	250	249	249	246	249	250	250	249	249	12	249	249	246	249	249	250	250	249	249	246	249	250	250	249	249	249	250	250	249	249	249	250	250	249	249	246	249	250	250	249	249	12	249	249	246	249	249	250	250	249	249
249	249	250	250	249	249	249	249	249	249	249	249	250	250	249	12	249	249	250	250	249	249	249	250	250	249	249	249	250	250	249	12	249	249	250	250	249	249	249	249	249	249	249	249	250	250	249	12	249	249	250	250	249	249	249	250	250	249	249	249	250	250	249	12	249	249	250	250	249	249	249	249	249	249	249	249	250	250	249	12
246	249	250	250	249	249	249	249	249	249	249	249	250	250	249	249	246	249	250	250	249	249	249	250	250	249	249	249	250	250	249	249	246	249	250	250	249	249	249	249	249	249	249	249	250	250	249	249	246	249	250	250	249	249	249	250	250	249	249	249	250	250	249	249	246	249	250	250	249	249	249	249	249	249	249	249	250	250	249	249
249	249	250	250	249	249	249	249	249	249	249	249	250	250	249	12	249	249	250	250	249	249	249	250	250	249	249	249	250	250	249	12	249	249	250	250	249	249	249	249	249	249	249	249	250	250	249	12	249	249	250	250	249	249	249	250	250	249	249	249	250	250	249	12	249	249	250	250	249	249	249	249	249	249	249	249	250	250	249	12
246	249	250	250	249	249	249	249	249	249	249	249	250	250	249	249	246	249	250	250	249	249	249	250	250	249	249	249	250	250	249	249	246	249	250	250	249	249	249	249	249	249	249	249	250	250	249	249	246	249	250	250	249	249	249	250	250	249	249	249	250	250	249	249	246	249	250	250	249	249	249	249	249	249	249	249	250	250	249	249
249	249	250	250	249	249	249	249	249	249	249	249	250	250	249	12	249	249	250	250	249	249	249	250	250	249	249	249	250	250	249	12	249	249	250	250	249	249	249	249	249	249	249	249	250	250	249	12	249	249	250	250	249	249	249	250	250	249	249	249	250	250	249	12	249	249	250	250	249	249	249	249	249	249	249	249	250	250	249	12
246	249	250	250	249	249	249	249	249	249	249	249	250	250	249	249	246	249	250	250	249	249	249	250	250	249	249	249	250	250	249	249	246	249	250	250	249	249	249	249	249	249	249	249	250	250	249	249	246	249	250	250	249	249	249	250	250	249	249	249	250	250	249	249	246	249	250	250	249	249	249	249	249	249	249	249	250	250	249	249
249	249	250	250	249	249	12	249	249	246	249	249	250	250	249	12	249	249	250	250	249	249	249	250	250	249	249	249	250	250	249	12	249	249	250	250	249	249	12	249	249	246	249	249	250	250	249	12	249	249	250	250	249	249	249	250	250	249	249	249	250	250	249	12	249	249	250	250	249	249	12	249	249	246	249	249	250	250	249	12
246	249	250	250	249	249	249	249	249	249	249	249	250	250	249	249	246	249	250	250	249	249	249	250	250	249	249	249	250	250	249	249	246	249	250	250	249	249	249	249	249	249	249	249	250	250	249	249	246	249	250	250	249	249	249	250	250	249	249	249	250	250	249	249	246	249	250	250	249	249	249	249	249	249	249	249	250	250	249	249
249	249	250	250	249	12	249	249	249	249	246	249	250	250	249	12	249	249	250	250	249	249	249	250	250	249	249	249	250	250	249	12	249	249	250	250	249	12	249	249	249	249	246	249	250	250	249	12	249	249	250	250	249	249	249	250	250	249	249	249	250	250	249	12	249	249	250	250	249	12	249	249	249	249	246	249	250	250	249	12
246	249	250	250	249	249	249	249	249	249	249	249	250	250	249	249	246	249	250	250	249	249	249	250	250	249	249	249	250	250	249	249	246	249	250	250	249	249	249	249	249	249	249	249	250	250	249	249	246	249	250	250	249	249	249	250	250	249	249	249	250	250	249	249	246	249	250	250	249	249	249	249	249	249	249	249	250	250	249	249
249	249	250	250	249	249	12	249	249	246	249	249	250	250	249	12	249	249	250	250	249	249	249	250	250	249	249	249	250	250	249	12	249	249	250	250	249	249	12	249	249	246	249	249	250	250	249	12	249	249	250	250	249	249	249	250	250	249	249	249	250	250	249	12	249	249	250	250	249	249	12	249	249	246	249	249	250	250	249	12
246	249	250	250	249	249	249	249	249	249	249	249	250	250	249	249	246	249	250	250	249	249	249	250	250	249	249	249	250	250	249	249	246	249	250	250	249	249	249	249	249	249	249	249	250	250	249	249	246	249	250	250	249	249	249	250	250	249	249	249	250	250	249	249	246	249	250	250	249	249	249	249	249	249	249	249	250	250	249	249
249	249	250	250	249	249	249	249	249	249	249	249	250	250	249	12	249	249	250	250	249	249	249	250	250	249	249	249	250	250	249	12	249	249	250	250	249	249	249	249	249	249	249	249	250	250	249	12	249	249	250	250	249	249	249	250	250	249	249	249	250	250	249	12	249	249	250	250	249	249	249	249	249	249	249	249	250	250	249	12
246	249	250	250	249	249	249	249	249	249	249	249	250	250	249	249	246	249	250	250	249	249	249	250	250	249	249	249	250	250	249	249	246	249	250	250	249	249	249	249	249	249	249	249	250	250	249	249	246	249	250	250	249	249	249	250	250	249	249	249	250	250	249	249	246	249	250	250	249	249	249	249	249	249	249	249	250	250	249	249
249	249	250	250	249	249	249	249	249	249	249	249	250	250	249	12	249	249	250	250	249	249	249	250	250	249	249	249	250	250	249	12	249	249	250	250	249	249	249	249	249	249	249	249	250	250	249	12	249	249	250	250	249	249	249	250	250	249	249	249	250	250	249	12	249	249	250	250	249	249	249	249	249	249	249	249	250	250	249	12
246	249	250	250	249	249	249	249	249	249	249	249	250	250	249	249	246	249	250	250	249	249	249	250	250	249	249	249	250	250	249	249	246	249	250	250	249	249	249	249	249	249	249	249	250	250	249	249	246	249	250	250	249	249	249	250	250	249	249	249	250	250	249	249	246	249	250	250	249	249	249	249	249	249	249	249	250	250	249	249
249	249	250	250	249	249	249	249	249	249	249	249	250	250	249	12	249	249	250	250	249	249	249	250	250	249	249	249	250	250	249	12	249	249	250	250	249	249	249	249	249	249	249	249	250	250	249	12	249	249	250	250	249	249	249	250	250	249	249	249	250	250	249	12	249	249	250	250	249	249	249	249	249	249	249	249	250	250	249	12
246	249	250	250	249	249	12	249	249	246	249	249	250	250	249	249	246	249	250	250	249	249	249	250	250	249	249	249	250	250	249	249	246	249	250	250	249	249	12	249	249	246	249	249	250	250	249	249	246	249	250	250	249	249	249	250	250	249	249	249	250	250	249	249	246	249	250	250	249	249	12	249	249	246	249	249	250	250	249	249
249	249	250	250	249	249	249	249	249	249	249	249	250	250	249	12	249	249	250	250	249	249	249	250	250	249	249	249	250	250	249	12	249	249	250	250	249	249	249	249	249	249	249	249	250	250	249	12	249	249	250	250	249	249	249	250	250	249	249	249	250	250	249	12	249	249	250	250	249	249	249	249	249	249	249	249	250	250	249	12
246	249	250	250	249	12	249	249	249	249	246	249	250	250	249	249	246	249	250	250	249	249	249	250	250	249	249	249	250	250	249	249	246	249	250	250	249	12	249	249	249	249	246	249	250	250	249	249	246	249	250	250	249	249	249	250	250	249	249	249	250	250	249	249	246	249	250	250	249	12	249	249	249	249	246	249	250	250	249	249
249	249	250	250	249	249	249	249	249	249	249	249	250	250	249	12	249	249	250	250	249	249	249	250	250	249	249	249	250	250	249	12	249	249	250	250	249	249	249	249	249	249	249	249	250	250	249	12	249	249	250	250	249	249	249	250	250	249	249	249	250	250	249	12	249	249	250	250	249	249	249	249	249	249	249	249	250	250	249	12
246	249	250	250	249	249	12	249	249	246	249	249	250	250	249	249	246	249	250	250	249	249	249	250	250	249	249	249	250	250	249	249	246	249	250	250	249	249	12	249	249	246	249	249	250	250	249	249	246	249	250	250	249	249	249	250	250	249	249	249	250	250	249	249	246	249	250	250	249	249	12	249	249	246	249	249	250	250	249	249
249	249	250	250	249	249	249	249	249	249	249	249	250	250	249	12	249	249	250	250	249	249	249	250	250	249	249	249	250	250	249	12	249	249	250	250	249	249	249	249	249	249	249	249	250	250	249	12	249	249	250	250	249	249	249	250	250	249	249	249	250	250	249	12	249	249	250	250	249	249	249	249	249	249	249	249	250	250	249	12
246	249	250	250	249	249	249	249	249	249	249	249	250	250	249	249	246	249	250	250	249	249	249	250	250	249	249	249	250	250	249	249	246	249	250	250	249	249	249	249	249	249	249	249	250	250	249	249	246	249	250	250	249	249	249	250	250	249	249	249	250	250	249	249	246	249	250	250	249	249	249	249	249	249	249	249	250	250	249	249
249	249	250	250	249	249	249	249	249	249	249	249	250	250	249	12	249	249	250	250	249	249	249	250	250	249	249	249	250	250	249	12	249	249	250	250	249	249	249	249	249	249	249	249	250	250	249	12	249	249	250	250	249	249	249	250	250	249	249	249	250	250	249	12	249	249	250	250	249	249	249	249	249	249	249	249	250	250	249	12
246	249	250	250	249	249	249	249	249	249	249	249	250	250	249	249	246	249	250	250	249	249	249	250	250	249	249	249	250	250	249	249	246	249	250	250	249	249	249	249	249	249	249	249	250	250	249	249	246	249	250	250	249	249	249	250	250	249	249	249	250	250	249	249	246	249	250	250	249	249	249	249	249	249	249	249	250	250	249	249
249	249	250	250	249	249	249	249	249	249	249	249	250	250	249	12	249	249	250	250	249	249	249	250	250	249	249	249	250	250	249	12	249	249	250	250	249	249	249	249	249	249	249	249	250	250	249	12	249	249	250	250	249	249	249	250	250	249	249	249	250	250	249	12	249	249	250	250	249	249	249	249	249	249	249	249	250	250	249	12
246	249	250	250	249	249	249	249	249	249	249	249	250	250	249	249	246	249	250	250	249	249	249	250	250	249	249	249	250	250	249	249	246	249	250	250	249	249	249	249	249	249	249	249	250	250	249	249	246	249	250	250	249	249	249	250	250	249	249	249	250	250	249	249	246	249	250	250	249	249	249	249	249	249	249	249	250	250	249	249
249	249	250	250	249	249	12	249	249	246	249	249	250	250	249	12	249	249	250	250	249	249	249	250	250	249	249	249	250	250	249	12	249	249	250	250	249	249	12	249	249	246	249	249	250	250	249	12	249	249	250	250	249	249	249	250	250	249	249	249	250	250	249	12	249	249	250	250	249	249	12	249	249	246	249	249	250	250	249	12
246	249	250	250	249	249	249	249	249	249	249	249	250	250	249	249	246	249	250	250	249	249	249	250	250	249	249	249	250	250	249	249	246	249	250	250	249	249	249	249	249	249	249	249	250	250	249	249	246	249	250	250	249	249	249	250	250	249	249	249	250	250	249	249	246	249	250	250	249	249	249	249	249	249	249	249	250	250	249	249
249	249	250	250	249	12	249	249	249	249	246	249	250	250	249	12	249	249	250	250	249	249	249	250	250	249	249	249	250	250	249	12	249	249	250	250	249	12	249	249	249	249	246	249	250	250	249	12	249	249	250	250	249	249	249	250	250	249	249	249	250	250	249	12	249	249	250	250	249	12	249	249	249	249	246	249	250	250	249	12
246	249	250	250	249	249	249	249	249	249	249	249	250	250	249	249	246	249	250	250	249	249	249	250	250	249	249	249	250	250	249	249	246	249	250	250	249	249	249	249	249	249	249	249	250	250	249	249	246	249	250	250	249	249	249	250	250	249	249	249	250	250	249	249	246	249	250	250	249	249	249	249	249	249	249	249	250	250	249	249
249	249	250	250	249	249	12	249	249	246	249	249	250	250	249	12	249	249	250	250	249	249	249	250	250	249	249	249	250	250	249	12	249	249	250	250	249	249	12	249	249	246	249	249	250	250	249	12	249	249	250	250	249	249	249	250	250	249	249	249	250	250	249	12	249	249	250	250	249	249	12	249	249	246	249	249	250	250	249	12
246	249	250	250	249	249	249	249	249	249	249	249	250	250	249	249	246	249	250	250	249	249	249	250	250	249	249	249	250	250	249	249	246	249	250	250	249	249	249	249	249	249	249	249	250	250	249	249	246	249	250	250	249	249	249	250	250	249	249	249	250	250	249	249	246	249	250	250	249	249	249	249	249	249	249	249	250	250	249	249
249	249	250	250	249	249	249	249	249	249	249	249	250	250	249	12	249	249	250	250	249	249	249	250	250	249	249	249	250	250	249	12	249	249	250	250	249	249	249	249	249	249	249	249	250	250	249	12	249	249	250	250	249	249	249	250	250	249	249	249	250	250	249	12	249	249	250	250	249	249	249	249	249	249	249	249	250	250	249	12
246	249	250	250	249	249	249	249	249	249	249	249	250	250	249	249	246	249	250	250	249	249	249	250	250	249	249	249	250	250	249	249	246	249	250	250	249	249	249	249	249	249	249	249	250	250	249	249	246	249	250	250	249	249	249	250	250	249	249	249	250	250	249	249	246	249	250	250	249	249	249	249	249	249	249	249	250	250	249	249
249	249	250	250	249	249	249	249	249	249	249	249	250	250	249	12	249	249	250	250	249	249	249	250	250	249	249	249	250	250	249	12	249	249	250	250	249	249	249	249	249	249	249	249	250	250	249	12	249	249	250	250	249	249	249	250	250	249	249	249	250	250	249	12	249	249	250	250	249	249	249	249	249	249	249	249	250	250	249	12
246	249	250	250	249	249	249	249	249	249	249	249	250	250	249	249	246	249	250	250	249	249	249	250	250	249	249	249	250	250	249	249	246	249	250	250	249	249	249	249	249	249	249	249	250	250	249	249	246	249	250	250	249	249	249	250	250	249	249	249	250	250	249	249	246	249	250	250	249	249	249	249	249	249	249	249	250	250	249	249
249	249	250	250	249	249	249	249	249	249	249	249	250	250	249	12	249	249	250	250	249	249	249	250	250	249	249	249	250	250	249	12	249	249	250	250	249	249	249	249	249	249	249	249	250	250	249	12	249	249	250	250	249	249	249	250	250	249	249	249	250	250	249	12	249	249	250	250	249	249	249	249	249	249	249	249	250	250	249	12
246	249	250	250	249	249	12	249	249	246	249	249	250	250	249	249	246	249	250	250	249	249	249	250	250	249	249	249	250	250	249	249	246	249	250	250	249	249	12	249	249	246	249	249	250	250	249	249	246	249	250	250	249	249	249	250	250	249	249	249	250	250	249	249	246	249	250	250	249	249	12	249	249	246	249	249	250	250	249	249
249	249	250	250	249	249	249	249	249	249	249	249	250	250	249	12	249	249	250	250	249	249	249	250	250	249	249	249	250	250	249	12	249	249	250	250	249	249	249	249	249	249	249	249	250	250	249	12	249	249	250	250	249	249	249	250	250	249	249	249	250	250	249	12	249	249	250	250	249	249	249	249	249	249	249	249	250	250	249	12
246	249	250	250	249	12	249	249	249	249	246	249	250	250	249	249	246	249	250	250	249	249	249	250	250	249	249	249	250	250	249	249	246	249	250	250	249	12	249	249	249	249	246	249	250	250	249	249	246	249	250	250	249	249	249	250	250	249	249	249	250	250	249	249	246	249	250	250	249	12	249	249	249	249	246	249	250	250	249	249
249	249	250	250	249	249	249	249	249	249	249	249	250	250	249	12	249	249	250	250	249	249	249	250	250	249	249	249	250	250	249	12	249	249	250	250	249	249	249	249	249	249	249	249	250	250	249	12	249	249	250	250	249	249	249	250	250	249	249	249	250	250	249	12	249	249	250	250	249	249	249	249	249	249	249	249	250	250	249	12
246	249	250	250	249	249	12	249	249	246	249	249	250	250	249	249	246	249	250	250	249	249	249	250	250	249	249	249	250	250	249	249	246	249	250	250	249	249	12	249	249	246	249	249	250	250	249	249	246	249	250	250	249	249	249	250	250	249	249	249	250	250	249	249	246	249	250	250	249	249	12	249	249	246	249	249	250	250	249	249
249	249	250	250	249	249	249	249	249	249	249	249	250	250	249	12	249	249	250	250	249	249	249	250	250	249	249	249	250	250	249	12	249	249	250	250	249	249	249	249	249	249	249	249	250	250	249	12	249	249	250	250	249	249	249	250	250	249	249	249	250	250	249	12	249	249	250	250	249	249	249	249	249	249	249	249	250	250	249	12
249	249	249	249	249	249	249	249	249	249	249	249	249	249	249	249	249	249	249	249	249	249	249	249	249	249	249	249	249	249	249	249	249	249	249	249	249	249	249	249	249	249	249	249	249	249	249	249	249	249	249	249	249	249	249	249	249	249	249	249	249	249	249	249	249	249	249	249	249	249	249	249	249	249	249	249	249	249	249	249
249	249	249	249	249	249	249	249	249	249	249	249	249	249	249	249	249	249	249	249	249	249	249	249	249	249	249	249	249	249	249	249	249	249	249	249	249	249	249	249	249	249	249	249	249	249	249	249	249	249	249	249	249	249	249	249	249	249	249	249	249	249	249	249	249	249	249	249	249	249	249	249	249	249	249	249	249	249	249	249
249	249	249	249	249	249	118	249	249	249	249	249	249	249	118	249	249	249	249	249	249	249	118	249	249	249	249	249	249	249	118	249	249	249	249	249	249	249	118	249	249	249	249	249	249	249	118	249	249	249	249	249	249	249	118	249	249	249	249	249	249	249	118	249	249	249	249	249	249	249	118	249	249	249	249	249	249	249	118	249
118	249	249	249	249	249	118	249	118	249	249	249	249	249	118	249	118	249	249	249	249	249	118	249	118	249	249	249	249	249	118	249	118	249	249	249	249	249	118	249	118	249	249	249	249	249	118	249	118	249	249	249	249	249	118	249	118	249	249	249	249	249	118	249	118	249	249	249	249	249	118	249	118	249	249	249	249	249	118	249
118	249	249	249	249	118	118	249	118	249	249	249	249	118	118	249	118	249	249	249	249	118	118	249	118	249	249	249	249	118	118	249	118	249	249	249	249	118	118	249	118	249	249	249	249	118	118	249	118	249	249	249	249	118	118	249	118	249	249	249	249	118	118	249	118	249	249	249	249	118	118	249	118	249	249	249	249	118	118	249
118	118	249	249	249	118	118	249	118	118	249	249	249	118	118	249	118	118	249	249	249	118	118	249	118	118	249	249	249	118	118	249	118	118	249	249	249	118	118	249	118	118	249	249	249	118	118	249	118	118	249	249	249	118	118	249	118	118	249	249	249	118	118	249	118	118	249	249	249	118	118	249	118	118	249	249	249	118	118	249
118	118	249	249	118	118	118	249	118	118	249	249	118	118	118	249	118	118	249	249	118	118	118	249	118	118	249	249	118	118	118	249	118	118	249	249	118	118	118	249	118	118	249	249	118	118	118	249	118	118	249	249	118	118	118	249	118	118	249	249	118	118	118	249	118	118	249	249	118	118	118	249	118	118	249	249	118	118	118	249
118	118	118	249	118	118	118	249	118	118	118	249	118	118	118	249	118	118	118	249	118	118	118	249	118	118	118	249	118	118	118	249	118	118	118	249	118	118	118	249	118	118	118	249	118	118	118	249	118	118	118	249	118	118	118	249	118	118	118	249	118	118	118	249	118	118	118	249	118	118	118	249	118	118	118	249	118	118	118	249
118	118	118	249	118	118	118	249	118	118	118	249	118	118	118	249	118	118	118	249	118	118	118	249	118	118	118	249	118	118	118	249	118	118	118	249	118	118	118	249	118	118	118	249	118	118	118	249	118	118	118	249	118	118	118	249	118	118	118	249	118	118	118	249	118	118	118	249	118	118	118	249	118	118	118	249	118	118	118	249
118	118	118	249	12	118	118	249	118	118	118	249	12	118	118	249	118	118	118	249	12	118	118	249	118	118	118	249	12	118	118	249	118	118	118	249	12	118	118	249	118	118	118	249	12	118	118	249	118	118	118	249	12	118	118	249	118	118	118	249	12	118	118	249	118	118	118	249	12	118	118	249	118	118	118	249	12	118	118	249
118	118	246	249	249	118	118	249	118	118	246	249	249	118	118	249	118	118	246	249	249	118	118	249	118	118	246	249	249	118	118	249	118	118	246	249	249	118	118	249	118	118	246	249	249	118	118	249	118	118	246	249	249	118	118	249	118	118	246	249	249	118	118	249	118	118	246	249	249	118	118	249	118	118	246	249	249	118	118	249
118	118	249	249	249	12	118	249	118	118	249	249	249	12	118	249	118	118	249	249	249	12	118	249	118	118	249	249	249	12	118	249	118	118	249	249	249	12	118	249	118	118	249	249	249	12	118	249	118	118	249	249	249	12	118	249	118	118	249	249	249	12	118	249	118	118	249	249	249	12	118	249	118	118	249	249	249	12	118	249
118	246	249	249	249	249	118	249	118	246	249	249	249	249	118	249	118	246	249	249	249	249	118	249	118	246	249	249	249	249	118	249	118	246	249	249	249	249	118	249	118	246	249	249	249	249	118	249	118	246	249	249	249	249	118	249	118	246	249	249	249	249	118	249	118	246	249	249	249	249	118	249	118	246	249	249	249	249	118	249
118	249	249	249	249	249	12	249	118	249	249	249	249	249	12	249	118	249	249	249	249	249	12	249	118	249	249	249	249	249	12	249	118	249	249	249	249	249	12	249	118	249	249	249	249	249	12	249	118	249	249	249	249	249	12	249	118	249	249	249	249	249	12	249	118	249	249	249	249	249	12	249	118	249	249	249	249	249	12	249
246	249	249	249	118	249	249	249	246	249	249	249	118	249	249	249	246	249	249	249	118	249	249	249	246	249	249	249	118	249	249	249	246	249	249	249	118	249	249	249	246	249	249	249	118	249	249	249	246	249	249	249	118	249	249	249	246	249	249	249	118	249	249	249	246	249	249	249	118	249	249	249	246	249	249	249	118	249	249	249
249	249	118	249	118	118	249	249	249	249	118	249	118	118	249	249	249	249	118	249	118	118	249	249	249	249	118	249	118	118	249	249	249	249	118	249	118	118	249	249	249	249	118	249	118	118	249	249	249	249	118	249	118	118	249	249	249	249	118	249	118	118	249	249	249	249	118	249	118	118	249	249	249	249	118	249	118	118	249	249
249	118	118	249	118	118	118	249	249	118	118	249	118	118	118	249	249	118	118	249	118	118	118	249	249	118	118	249	118	118	118	249	249	118	118	249	118	118	118	249	249	118	118	249	118	118	118	249	249	118	118	249	118	118	118	249	249	118	118	249	118	118	118	249	249	118	118	249	118	118	118	249	249	118	118	249	118	118	118	249
118	118	118	249	118	118	118	249	118	118	118	249	118	118	118	249	118	118	118	249	118	118	118	249	118	118	118	249	118	118	118	249	118	118	118	249	118	118	118	249	118	118	118	249	118	118	118	249	118	118	118	249	118	118	118	249	118	118	118	249	118	118	118	249	118	118	118	249	118	118	118	249	118	118	118	249	118	118	118	249
118	118	118	249	12	118	118	249	118	118	118	249	12	118	118	249	118	118	118	249	12	118	118	249	118	118	118	249	12	118	118	249	118	118	118	249	12	118	118	249	118	118	118	249	12	118	118	249	118	118	118	249	12	118	118	249	118	118	118	249	12	118	118	249	118	118	118	249	12	118	118	249	118	118	118	249	12	118	118	249
118	118	246	249	249	118	118	249	118	118	246	249	249	118	118	249	118	118	246	249	249	118	118	249	118	118	246	249	249	118	118	249	118	118	246	249	249	118	118	249	118	118	246	249	249	118	118	249	118	118	246	249	249	118	118	249	118	118	246	249	249	118	118	249	118	118	246	249	249	118	118	249	118	118	246	249	249	118	118	249
118	118	249	249	249	12	118	249	118	118	249	249	249	12	118	249	118	118	249	249	249	12	118	249	118	118	249	249	249	12	118	249	118	118	249	249	249	12	118	249	118	118	249	249	249	12	118	249	118	118	249	249	249	12	118	249	118	118	249	249	249	12	118	249	118	118	249	249	249	12	118	249	118	118	249	249	249	12	118	249
